{
  "project_info": {
    "project_number": "916202209951",
    "project_id": "fruiteye-d8fae",
    "storage_bucket": "fruiteye-d8fae.firebasestorage.app"
  },
  "client": [
    {
      "client_info": {
        "mobilesdk_app_id": "1:916202209951:android:73614624044be0813c18aa",
        "android_client_info": {
          "package_name": "com.example.fruiteyeapp"
        }
      },
      "oauth_client": [],
      "api_key": [
        {
          "current_key": "AIzaSyBxdJCyvS_5Uswheztrgc4w6yJFoux_RSI"
        }
      ],
      "services": {
        "appinvite_service": {
          "other_platform_oauth_client": []
        }
      }
    }
  ],
  "configuration_version": "1"
}